{
  "EURUSD": 1.10,
  "GBPUSD": 1.30,
  "JPYUSD": 0.00644,
  "AUDUSD": 0.70,
  "CHFUSD": 1.05,
  "CADUSD": 0.75,
  "NZDUSD": 0.65,
  "USDJPY": 0.00644,
  "USDCAD": 0.69424
}
